rank,prev_rank,name,league,off,def,spi;
1,1,Manchester City,Barclays Premier League,3.31,0.2,95.57, *, A;
2,2,Bayern Munich,German Bundesliga,3.33,0.34,94.11, *, E;
3,3,Liverpool,Barclays Premier League,2.81,0.34,91.1, *, B;
4,4,Barcelona,Spanish Primera Division,2.93,0.4,90.96, *, E;
5,5,Paris Saint-Germain,French Ligue 1,3.19,0.65,89.15, *, A;
6,6,Real Madrid,Spanish Primera Division,2.51,0.35,88.5, *, D;
7,7,Manchester United,Barclays Premier League,2.44,0.32,88.42, *, F;
8,10,Chelsea,Barclays Premier League,2.58,0.52,86.0, *, H;
9,8,RB Leipzig,German Bundesliga,2.51,0.5,85.75, *, A;
10,9,Atletico Madrid,Spanish Primera Division,2.13,0.31,85.54, *, B;
11,12,Borussia Dortmund,German Bundesliga,2.38,0.55,83.29, *, C;
12,11,Atalanta,Italy Serie A,2.53,0.65,83.08, *, F;
13,15,Sevilla FC,Spanish Primera Division,2.0,0.41,81.62, *, G;
14,13,Juventus,Italy Serie A,2.4,0.65,81.58, *, H;
15,14,Wolverhampton,Barclays Premier League,1.89,0.35,81.55;
16,16,FC Salzburg,Austrian T-Mobile Bundesliga,3.03,1.05,81.36, *, G;
17,18,Internazionale,Italy Serie A,2.4,0.66,81., *, D;
18,17,Leicester City,Barclays Premier League,2.13,0.5,81.1;
19,19,Bayer Leverkusen,German Bundesliga,2.35,0.66,80.65;
20,20,AC Milan,Italy Serie A,2.29,0.69,79.36, *, B;
21,21,Borussia Monchengladbach,German Bundesliga,2.32,0.72,78.93;
22,23,Zenit St Petersburg,Russian Premier Liga,2.18,0.67,77.98, *, H;
23,29,Napoli,Italy Serie A,2.07,0.64,77.3;
24,25,Real Sociedad,Spanish Primera Division,1.96,0.58,76.97;
25,26,Villarreal,Spanish Primera Division,2.17,0.73,76.73, *, F;
26,27,Getafe,Spanish Primera Division,1.7,0.43,76.49;
27,28,Ajax,Dutch Eredivisie,2.54,0.99,76.46, *, C;
28,24,Tottenham Hotspur,Barclays Premier League,2.07,0.67,76.37;
29,22,Arsenal,Barclays Premier League,2.12,0.71,76.36;
30,30,FC Porto,Portuguese Liga,2.03,0.67,75.75, *, B;
31,31,Granada,Spanish Primera Division,1.93,0.61,75.71;
32,36,AS Roma,Italy Serie A,2.22,0.82,75.49;
33,34,Southampton,Barclays Premier League,2.07,0.72,75.27;
34,32,Olympiacos,Greek Super League,2.04,0.71,75.02;
35,33,VfL Wolfsburg,German Bundesliga,2.04,0.72,74.86, *, G;
36,37,TSG Hoffenheim,German Bundesliga,2.33,0.96,74.11;
37,38,Flamengo,Brasileiro Série A,2.15,0.85,73.73;
38,35,Everton,Barclays Premier League,1.89,0.67,73.51;
39,39,Leganes,Spanish Primera Division,1.66,0.52,73.47;
40,40,Lyon,French Ligue 1,1.8,0.61,73.46;
41,43,Benfica,Portuguese Liga,2.07,0.86,72.11, *, E;
42,46,Lazio,Italy Serie A,2.07,0.87,72.03;
43,42,Eintracht Frankfurt,German Bundesliga,2.17,0.94,71.93;
44,44,Real Betis,Spanish Primera Division,1.96,0.8,71.69;
45,41,Sheffield United,Barclays Premier League,1.71,0.63,71.32;
46,45,Burnley,Barclays Premier League,1.8,0.71,71.07;
47,47,Shakhtar Donetsk,UEFA Europa League,2.19,1.01,70.91, *, D;
48,48,Lille,French Ligue 1,1.75,0.68,70.78, *, G;
49,54,Watford,Barclays Premier League,1.96,0.84,70.77;
50,51,Osasuna,Spanish Primera Division,1.83,0.75,70.49;
51,50,West Ham United,Barclays Premier League,2.01,0.89,70.36;
52,52,Leeds United,English League Championship,1.81,0.76,70.01;
53,53,Celta Vigo,Spanish Primera Division,1.77,0.73,69.9;
54,55,Brighton and Hove Albion,Barclays Premier League,1.78,0.77,69.05;
55,58,Fiorentina,Italy Serie A,1.78,0.77,69.0;
56,57,Eibar,Spanish Primera Division,1.74,0.75,68.79;
57,64,Crystal Palace,Barclays Premier League,1.69,0.73,68.51;
58,59,Club Brugge,Belgian Jupiler League,1.84,0.84,68.44. *, A;
59,60,Young Boys,Swiss Raiffeisen Super League,2.19,1.12,68.4, *, F;
60,49,Celtic,Scottish Premiership,2.12,1.08,67.89;
61,61,Palmeiras,Brasileiro Série A,1.79,0.83,67.88;
62,62,AS Monaco,French Ligue 1,1.96,0.97,67.69;
63,63,Espanyol,Spanish Primera Division,1.64,0.73,67.39;
64,71,Sassuolo,Italy Serie A,2.01,1.03,67.16;
65,72,AFC Bournemouth,Barclays Premier League,1.97,1.0,67.13;
66,65,Marseille,French Ligue 1,1.71,0.8,67.12;
67,67,Dynamo Kiev,UEFA Europa League,1.97,1.01,67.02, *, E;
68,56,Basel,Swiss Raiffeisen Super League,2.12,1.13,66.96;
69,68,AZ,Dutch Eredivisie,1.9,0.95,66.93;
70,69,Hertha Berlin,German Bundesliga,1.91,0.96,66.92;
71,70,Stade Rennes,French Ligue 1,1.6,0.73,66.62;
72,73,Valencia,Spanish Primera Division,1.8,0.91,66.19;
73,66,Brentford,English League Championship,1.69,0.83,66.04;
74,74,Athletic Bilbao,Spanish Primera Division,1.67,0.82,65.79;
75,75,Grêmio,Brasileiro Série A,1.79,0.92,65.63;
76,85,Aston Villa,Barclays Premier League,1.76,0.89,65.63;
77,76,River Plate,Argentina Primera Division,1.74,0.88,65.48;
78,77,Dinamo Zagreb,UEFA Champions League,2.05,1.14,65.45;
79,78,SC Freiburg,German Bundesliga,1.96,1.07,65.43;
80,79,Real Valladolid,Spanish Primera Division,1.54,0.73,65.29;
81,80,Levante,Spanish Primera Division,1.87,1.0,65.25;
82,81,FC Krasnodar,Russian Premier Liga,1.62,0.8,65.15;
83,82,CSKA Moscow,Russian Premier Liga,1.63,0.81,65.09;
84,83,Werder Bremen,German Bundesliga,1.82,0.98,64.98;
85,84,Mainz,German Bundesliga,1.91,1.05,64.9;
86,86,PSV,Dutch Eredivisie,1.87,1.04,64.48;
87,87,FC Cologne,German Bundesliga,1.95,1.1,64.37;
88,88,Braga,Portuguese Liga,1.84,1.04,63.74, *, D;
89,90,LASK Linz,Austrian T-Mobile Bundesliga,1.88,1.09,63.21;
90,91,Slavia Prague,UEFA Champions League,1.92,1.13,63.19;
91,93,Newcastle,Barclays Premier League,1.65,0.92,62.87;
92,92,Strasbourg,French Ligue 1,1.57,0.86,62.68;
93,94,1. FC Union Berlin,German Bundesliga,1.7,0.97,62.53;
94,89,Sampdoria,Italy Serie A,1.8,1.06,62.48;
95,97,Guangzhou Evergrande,Chinese Super League,1.87,1.15,61.79;
96,98,Bordeaux,French Ligue 1,1.5,0.84,61.76;
97,99,Mallorca,Spanish Primera Division,1.77,1.06,61.73;
98,101,Alavés,Spanish Primera Division,1.58,0.9,61.69;
99,103,Lokomotiv Moscow,Russian Premier Liga,1.54,0.87,61.57;
100,104,Montpellier,French Ligue 1,1.56,0.89,61.55;
101,105,Angers,French Ligue 1,1.4,0.76,61.51;
102,106,FC Augsburg,German Bundesliga,1.7,1.02,61.4;
103,107,West Bromwich Albion,English League Championship,1.57,0.92,61.24;
104,111,Verona,Italy Serie A,1.67,1.01,61.02;
105,108,Santos,Brasileiro Série A,1.58,0.93,61.02;
106,109,Nantes,French Ligue 1,1.5,0.86,60.98;
107,95,Istanbul Basaksehir,Turkish Turkcell Super Lig,1.73,1.07,60.9;
108,100,Udinese,Italy Serie A,1.54,0.91,60.86;
109,110,Sporting CP,Portuguese Liga,1.48,0.86,60.7. *, C;
110,96,FC Midtjylland,Danish SAS-Ligaen,1.76,1.1,60.61;
111,113,PAOK Salonika,Greek Super League,1.46,0.85,60.44;
112,114,Reims,French Ligue 1,1.36,0.77,60.28;
113,115,Boca Juniors,Argentina Primera Division,1.47,0.87,60.25;
114,116,AEK Athens,Greek Super League,1.53,0.92,60.22;
115,112,Monterrey,Mexican Primera Division Torneo Apertura,1.73,1.1,60.04;
116,117,Molde,Norwegian Tippeligaen,2.08,1.43,59.76;
117,118,Fortuna Düsseldorf,German Bundesliga,1.69,1.08,59.75;
118,119,KAA Gent,Belgian Jupiler League,1.8,1.18,59.67;
119,120,Tigres UANL,Mexican Primera Division Torneo Apertura,1.64,1.04,59.67;
120,121,Schalke 04,German Bundesliga,1.63,1.03,59.6;
121,122,Guimaraes,Portuguese Liga,1.53,0.95,59.32;
122,123,Feyenoord,Dutch Eredivisie,1.9,1.29,59.31;
123,136,Besiktas,Turkish Turkcell Super Lig,1.82,1.21,59.28, *, C;
124,102,Bologna,Italy Serie A,1.69,1.1,59.18;
125,124,Rapid Vienna,Austrian T-Mobile Bundesliga,1.86,1.26,58.93;
126,126,Ludogorets,UEFA Europa League,1.65,1.08,58.74;
127,125,Trabzonspor,Turkish Turkcell Super Lig,1.98,1.38,58.69;
128,134,Rio Ave,Portuguese Liga,1.53,0.99,58.4;
129,127,Shanghai SIPG,Chinese Super League,1.69,1.13,58.37;
130,128,Beijing Guoan,Chinese Super League,1.76,1.21,58.34;
131,130,Sporting de Charleroi,Belgian Jupiler League,1.55,1.02,58.19;
132,131,Nice,French Ligue 1,1.57,1.04,58.14;
133,132,São Paulo,Brasileiro Série A,1.45,0.94,58.05;
134,145,Cruz Azul,Mexican Primera Division Torneo Apertura,1.68,1.15,57.88;
135,138,Los Angeles FC,Major League Soccer,2.02,1.47,57.65;
136,135,Wolfsberger AC,Austrian T-Mobile Bundesliga,1.8,1.27,57.62;
137,137,Torino,Italy Serie A,1.65,1.15,57.33;
138,149,Cagliari,Italy Serie A,1.56,1.07,57.12;
139,139,Anderlecht,Belgian Jupiler League,1.53,1.05,56.78;
140,147,Parma,Italy Serie A,1.69,1.22,56.49;
141,140,Red Star Belgrade,UEFA Champions League,1.92,1.43,56.48;
142,154,Malmo FF,Swedish Allsvenskan,1.63,1.17,56.39, *, H;
143,141,Galatasaray,Turkish Turkcell Super Lig,1.69,1.23,56.26;
144,142,St Etienne,French Ligue 1,1.42,0.98,56.16;
145,143,Atlético Paranaense,Brasileiro Série A,1.39,0.95,56.11;
146,144,Apoel Nicosia,UEFA Europa League,1.55,1.11,56.09;
147,151,Fulham,English League Championship,1.43,1.0,55.96;
148,146,Internacional,Brasileiro Série A,1.5,1.06,55.9;
149,148,Dijon FCO,French Ligue 1,1.43,1.01,55.76;
150,150,Spartak Moscow,Russian Premier Liga,1.39,0.97,55.74;
151,152,Corinthians,Brasileiro Série A,1.42,1.01,55.51;
152,133,Genoa,Italy Serie A,1.65,1.23,55.31;
153,153,Nimes,French Ligue 1,1.52,1.11,55.21;
154,155,Brest,French Ligue 1,1.52,1.12,55.03;
155,129,Rangers,Scottish Premiership,1.55,1.16,54.81;
156,157,Kawasaki Frontale,Japanese J League,1.65,1.27,54.54;
157,156,Club América,Mexican Primera Division Torneo Apertura,1.52,1.14,54.49;
158,158,Ferencvaros,UEFA Europa League,1.59,1.22,54.14;
159,159,Amiens,French Ligue 1,1.38,1.03,54.01;
160,163,FC Copenhagen,Danish SAS-Ligaen,1.52,1.17,53.8;
161,196,St Gallen,Swiss Raiffeisen Super League,1.99,1.63,53.75;
162,161,SC Paderborn,German Bundesliga,1.62,1.28,53.63;
163,167,Alanyaspor,Turkish Turkcell Super Lig,1.57,1.23,53.53;
164,164,Sochi,Russian Premier Liga,1.42,1.09,53.41;
165,165,Velez Sarsfield,Argentina Primera Division,1.22,0.9,53.34;
166,162,Norwich City,Barclays Premier League,1.48,1.16,53.14;
167,160,AGF Aarhus,Danish SAS-Ligaen,1.6,1.29,52.92;
168,168,Stoke City,English League Championship,1.44,1.14,52.75;
169,169,Metz,French Ligue 1,1.33,1.03,52.71;
170,170,FK Partizan Belgrade,UEFA Europa League,1.51,1.21,52.7;
171,171,Genk,Belgian Jupiler League,1.69,1.39,52.59;
172,172,Wigan,English League Championship,1.36,1.06,52.51;
173,173,FC Utrecht,Dutch Eredivisie,1.55,1.26,52.48;
174,174,FK Qarabag,UEFA Europa League,1.44,1.16,52.29;
175,182,Brondby,Danish SAS-Ligaen,1.47,1.2,51.96;
176,176,Defensa y Justicia,Argentina Primera Division,1.28,1.02,51.81;
177,188,Bodo/Glimt,Norwegian Tippeligaen,1.98,1.72,51.78;
178,175,Cardiff City,English League Championship,1.4,1.15,51.73;
179,177,Atletico Mineiro,Brasileiro Série A,1.41,1.16,51.72;
180,166,Santos Laguna,Mexican Primera Division Torneo Apertura,1.52,1.27,51.53;
181,178,Antwerp,Belgian Jupiler League,1.41,1.16,51.49;
182,179,VfB Stuttgart,German 2. Bundesliga,1.64,1.39,51.43;
183,193,Lecce,Italy Serie A,1.76,1.51,51.31;
184,180,Jiangsu Suning FC,Chinese Super League,1.5,1.26,51.28;
185,183,Rostov,Russian Premier Liga,1.41,1.18,51.23;
186,184,Dinamo Moscow,Russian Premier Liga,1.12,0.89,51.08;
187,185,Millwall,English League Championship,1.39,1.16,50.94;
188,186,Fluminense,Brasileiro Série A,1.36,1.14,50.9;
189,187,CFR 1907 Cluj,UEFA Europa League,1.49,1.27,50.79;
190,189,FC Astana,UEFA Europa League,1.54,1.33,50.65;
191,190,Vitesse,Dutch Eredivisie,1.7,1.49,50.51;
192,191,Standard Liege,Belgian Jupiler League,1.44,1.24,50.48;
193,201,Swansea City,English League Championship,1.42,1.22,50.19;
194,194,Vasco da Gama,Brasileiro Série A,1.35,1.16,50.06;
195,195,Preston North End,English League Championship,1.23,1.05,49.89;
196,197,Shandong Luneng,Chinese Super League,1.6,1.43,49.81;
197,200,León,Mexican Primera Division Torneo Apertura,1.47,1.3,49.68;
198,202,Fenerbahce,Turkish Turkcell Super Lig,1.55,1.39,49.55;
199,198,CA Independiente,Argentina Primera Division,1.2,1.04,49.46;
200,199,FC Arsenal Tula,Russian Premier Liga,1.36,1.2,49.42;
201,181,IFK Norrkoping,Swedish Allsvenskan,1.68,1.53,49.37;
202,203,Newell's Old Boys,Argentina Primera Division,1.24,1.11,48.58;
203,204,Toulouse,French Ligue 1,1.38,1.25,48.56;
204,205,Barnsley,English League Championship,1.28,1.16,48.54;
205,206,FC Ufa,Russian Premier Liga,0.9,0.75,48.48;
206,207,Santa Clara,Portuguese Liga,1.31,1.19,48.45;
207,209,Pachuca,Mexican Primera Division Torneo Apertura,1.4,1.29,48.4;
208,208,Racing Club,Argentina Primera Division,1.18,1.06,48.4;
209,192,Sivasspor,Turkish Turkcell Super Lig,1.44,1.32,48.37;
210,210,Blackburn,English League Championship,1.37,1.26,48.29;
211,212,Bahía,Brasileiro Série A,1.28,1.17,48.12;
212,213,Rosenborg,Norwegian Tippeligaen,1.44,1.35,47.87;
213,216,Derby County,English League Championship,1.37,1.29,47.56;
214,217,Panathinaikos,Greek Super League,1.08,0.98,47.54;
215,256,FC Lugano,Swiss Raiffeisen Super League,1.41,1.34,47.5;
216,214,Guadalajara,Mexican Primera Division Torneo Apertura,1.35,1.28,47.27;
217,218,Portimonense,Portuguese Liga,1.19,1.15,46.53;
218,211,Spal,Italy Serie A,1.41,1.38,46.5;
219,248,Djurgardens IF,Swedish Allsvenskan,1.26,1.23,46.44;
220,238,AaB,Danish SAS-Ligaen,1.3,1.27,46.4;
221,219,Ceará,Brasileiro Série A,1.23,1.19,46.29;
222,220,Morelia,Mexican Primera Division Torneo Clausura,1.43,1.42,46.04;
223,221,Queens Park Rangers,English League Championship,1.49,1.49,45.94;
224,215,Yokohama F. Marinos,Japanese J League,1.55,1.55,45.92;
225,222,Huddersfield Town,English League Championship,1.23,1.21,45.88;
226,223,PFC Oleksandriya,UEFA Europa League,1.33,1.33,45.69;
227,224,Lanus,Argentina Primera Division,1.28,1.27,45.68;
228,225,Sheffield Wednesday,English League Championship,1.33,1.33,45.64;
229,226,Gil Vicente,Portuguese Liga,1.22,1.22,45.54;
230,243,Famalicao,Portuguese Liga,1.3,1.3,45.54;
231,230,Servette,Swiss Raiffeisen Super League,1.53,1.55,45.41;
232,239,New York City FC,Major League Soccer,1.41,1.44,45.29;
233,227,Middlesbrough,English League Championship,1.26,1.28,45.26;
234,228,Rubin Kazan,Russian Premier Liga,0.85,0.81,45.24;
235,231,Bristol City,English League Championship,1.32,1.35,45.1;
236,233,Nottingham Forest,English League Championship,1.23,1.24,45.05;
237,234,Fortaleza,Brasileiro Série A,1.27,1.29,45.02;
238,235,Heracles,Dutch Eredivisie,1.46,1.5,44.93;
239,236,Talleres de Córdoba,Argentina Primera Division,1.21,1.23,44.82;
240,232,FC Nordsjaelland,Danish SAS-Ligaen,1.43,1.49,44.74;
241,229,Toronto FC,Major League Soccer,1.47,1.53,44.66;
242,240,Slovan Bratislava,UEFA Europa League,1.26,1.3,44.65;
243,241,FC Tambov,Russian Premier Liga,1.26,1.31,44.6;
244,242,Pacos Ferreira,Portuguese Liga,1.26,1.31,44.55;
245,244,Willem II,Dutch Eredivisie,1.54,1.61,44.49;
246,269,Kasimpasa,Turkish Turkcell Super Lig,1.5,1.58,44.42;
247,246,Philadelphia Union,Major League Soccer,1.4,1.46,44.41;
248,237,Brescia,Italy Serie A,1.49,1.57,44.38;
249,260,Tondela,Portuguese Liga,1.18,1.24,44.13;
250,268,Hammarby,Swedish Allsvenskan,1.49,1.58,44.12;
251,250,Aris Salonika,Greek Super League,1.32,1.4,43.8;
252,257,Gazisehir Gaziantep,Turkish Turkcell Super Lig,1.31,1.39,43.74;
253,251,Birmingham,English League Championship,1.32,1.41,43.52;
254,252,FK Austria Vienna,Austrian T-Mobile Bundesliga,1.34,1.44,43.5;
255,272,Tijuana,Mexican Primera Division Torneo Apertura,1.28,1.38,43.44;
256,253,Atlanta United FC,Major League Soccer,1.28,1.38,43.43;
257,254,Lorient,French Ligue 2,1.28,1.39,43.35;
258,255,Arminia Bielefeld,German 2. Bundesliga,1.22,1.32,43.29;
259,245,Moreirense,Portuguese Liga,1.22,1.31,43.28;
260,258,Reading,English League Championship,1.24,1.35,43.04;
261,259,Bragantino,Brasileiro Série A,1.27,1.38,43.0;
262,262,Argentinos Juniors,Argentina Primera Division,1.0,1.08,42.87;
263,263,Inter Miami CF,Major League Soccer,1.28,1.41,42.81;
264,247,Seattle Sounders FC,Major League Soccer,1.36,1.5,42.81;
265,264,Rosario Central,Argentina Primera Division,1.15,1.27,42.73;
266,265,FC Groningen,Dutch Eredivisie,0.93,1.01,42.7;
267,266,Estudiantes,Argentina Primera Division,1.0,1.1,42.6;
268,267,Goiás,Brasileiro Série A,1.29,1.43,42.55;
269,270,Heerenveen,Dutch Eredivisie,1.51,1.69,42.37;
270,278,Sporting Kansas City,Major League Soccer,1.42,1.6,42.15;
271,273,KV Mechelen,Belgian Jupiler League,1.34,1.51,42.09;
272,249,BK Hacken,Swedish Allsvenskan,1.28,1.45,42.03;
273,274,KV Kortrijk,Belgian Jupiler League,1.29,1.46,42.02;
274,261,Maritimo,Portuguese Liga,1.07,1.2,42.02;
275,280,Columbus Crew,Major League Soccer,1.16,1.3,42.0;
276,275,Pumas Unam,Mexican Primera Division Torneo Apertura,1.28,1.45,41.99;
277,276,Arsenal Sarandi,Argentina Primera Division,1.28,1.45,41.78;
278,277,Hannover 96,German 2. Bundesliga,1.3,1.48,41.7;
279,318,San Jose Earthquakes,Major League Soccer,1.49,1.7,41.56;
280,316,Kashima Antlers,Japanese J League,1.26,1.44,41.49;
281,281,Gazovik Orenburg,Russian Premier Liga,1.17,1.34,41.45;
282,282,Tianjin Teda,Chinese Super League,1.28,1.47,41.44;
283,283,Sparta,Dutch Eredivisie,1.47,1.69,41.33;
284,284,Rayo Vallecano,Spanish Segunda Division,1.27,1.47,41.28;
285,286,Atlético Tucumán,Argentina Primera Division,1.07,1.24,41.23;
286,287,Coritiba,Brasileiro Série A,1.22,1.42,41.08;
287,289,Krylia Sovetov,Russian Premier Liga,1.11,1.3,41.04;
288,290,San Lorenzo,Argentina Primera Division,1.14,1.33,40.96;
289,291,Los Angeles Galaxy,Major League Soccer,1.63,1.89,40.92;
290,271,Arizona United,United Soccer League,1.42,1.65,40.9;
291,292,Chicago Fire,Major League Soccer,1.34,1.57,40.82;
292,279,Boavista,Portuguese Liga,0.98,1.15,40.79;
293,294,FC Luzern,Swiss Raiffeisen Super League,1.33,1.56,40.76;
294,293,FC Dallas,Major League Soccer,1.36,1.6,40.7;
295,285,Cerezo Osaka,Japanese J League,0.98,1.16,40.56;
296,295,Terek Grozny,Russian Premier Liga,1.1,1.3,40.55;
297,296,Botafogo,Brasileiro Série A,1.1,1.31,40.5;
298,297,Hamburg SV,German 2. Bundesliga,1.33,1.58,40.49;
299,330,Goztepe,Turkish Turkcell Super Lig,1.28,1.52,40.47;
300,288,Minnesota United FC,Major League Soccer,1.31,1.56,40.4;
301,298,Patronato,Argentina Primera Division,1.2,1.43,40.35;
302,299,Gimnasia La Plata,Argentina Primera Division,0.98,1.17,40.3;
303,300,Ural Sverdlovsk Oblast,Russian Premier Liga,1.23,1.47,40.3;
304,301,Mouscron-Peruwelz,Belgian Jupiler League,1.19,1.42,40.27;
305,303,Sport Recife,Brasileiro Série A,1.19,1.43,40.01;
306,304,SD Huesca,Spanish Segunda Division,1.09,1.32,39.94;
307,305,Hartberg,Austrian T-Mobile Bundesliga,1.56,1.87,39.85;
308,306,Almeria,Spanish Segunda Division,1.08,1.31,39.84;
309,307,Lens,French Ligue 2,1.02,1.23,39.84;
310,310,Banfield,Argentina Primera Division,0.98,1.2,39.66;
311,311,Guingamp,French Ligue 2,1.19,1.46,39.62;
312,312,Antalyaspor,Turkish Turkcell Super Lig,1.19,1.45,39.5;
313,320,Gamba Osaka,Japanese J League,1.23,1.51,39.45;
314,302,Necaxa,Mexican Primera Division Torneo Apertura,1.15,1.41,39.43;
315,313,Charlton Athletic,English League Championship,1.18,1.45,39.33;
316,314,Girona FC,Spanish Segunda Division,0.98,1.22,39.32;
317,315,SV Sandhausen,German 2. Bundesliga,1.29,1.59,39.32;
318,309,Odense BK,Danish SAS-Ligaen,1.17,1.45,39.28;
319,337,FC Juárez,Mexican Primera Division Torneo Apertura,1.18,1.45,39.26;
320,317,Konyaspor,Turkish Turkcell Super Lig,1.18,1.46,39.21;
321,319,Union Santa Fe,Argentina Primera Division,1.0,1.25,39.16;
322,321,Asteras Tripolis,Greek Super League,1.04,1.3,39.02;
323,322,Atlético Goianiense,Brasileiro Série A,1.16,1.45,38.9;
324,324,Troyes,French Ligue 2,1.0,1.26,38.84;
325,326,Shanghai Greenland,Chinese Super League,1.34,1.68,38.68;
326,328,New England Revolution,Major League Soccer,1.25,1.57,38.61;
327,329,Henan Jianye,Chinese Super League,1.25,1.57,38.55;
328,341,Toluca,Mexican Primera Division Torneo Apertura,1.21,1.54,38.38;
329,325,Portland Timbers,Major League Soccer,1.34,1.7,38.37;
330,346,Sanfrecce Hiroshima,Japanese J League,1.02,1.31,38.37;
331,332,Cashpoint SC Rheindorf Altach,Austrian T-Mobile Bundesliga,1.15,1.46,38.35;
332,331,Querétaro,Mexican Primera Division Torneo Apertura,1.13,1.45,38.2;
333,333,New York Red Bulls,Major League Soccer,1.31,1.67,38.19;
334,361,Orlando City SC,Major League Soccer,1.24,1.58,38.18;
335,334,Hebei China Fortune FC,Chinese Super League,1.29,1.65,38.14;
336,336,Thun,Swiss Raiffeisen Super League,1.33,1.7,38.1;
337,335,Mamelodi Sundowns,South African ABSA Premier League,0.98,1.26,38.09;
338,308,FC Tokyo,Japanese J League,1.13,1.45,38.0;
339,327,Atlético San Luis,Mexican Primera Division Torneo Apertura,1.11,1.44,37.97;
340,338,Huracán,Argentina Primera Division,0.95,1.24,37.93;
341,340,SK Sturm Graz,Austrian T-Mobile Bundesliga,1.27,1.63,37.86;
342,343,Clermont Foot,French Ligue 2,1.01,1.32,37.68;
343,344,Randers FC,Danish SAS-Ligaen,1.24,1.61,37.64;
344,323,Atlas,Mexican Primera Division Torneo Apertura,1.14,1.49,37.64;
345,392,Kashiwa Reysol,Japanese J League,1.31,1.69,37.64;
346,345,Wuhan Zall,Chinese Super League,1.17,1.53,37.62;
347,339,Belenenses,Portuguese Liga,0.99,1.31,37.43;
348,350,PEC Zwolle,Dutch Eredivisie,1.35,1.75,37.41;
349,351,St. Truidense,Belgian Jupiler League,1.2,1.57,37.34;
350,354,Hull City,English League Championship,1.29,1.69,37.27;
351,355,Atromitos,Greek Super League,1.0,1.33,37.25;
352,353,Benevento,Italy Serie B,1.1,1.46,37.2;
353,357,Luton Town,English League Championship,1.1,1.46,37.17;
354,358,Central Córdoba Santiago del Estero,Argentina Primera Division,1.0,1.34,37.16;
355,359,SV Zulte Waregem,Belgian Jupiler League,1.32,1.74,37.11;
356,360,SV Darmstadt 98,German 2. Bundesliga,1.15,1.54,36.94;
357,376,FC Sion,Swiss Raiffeisen Super League,1.05,1.43,36.75;
358,362,Dalian Aerbin,Chinese Super League,1.29,1.73,36.66;
359,363,Málaga,Spanish Segunda Division,0.7,0.98,36.54;
360,364,Las Palmas,Spanish Segunda Division,0.96,1.32,36.49;
361,366,Kaizer Chiefs,South African ABSA Premier League,1.01,1.39,36.44;
362,348,Perth Glory,Australian A-League,1.22,1.64,36.43;
363,349,Crotone,Italy Serie B,1.04,1.44,36.25;
364,352,AIK,Swedish Allsvenskan,1.09,1.49,36.24;
365,367,Fuenlabrada,Spanish Segunda Division,0.88,1.23,36.21;
366,368,Elche,Spanish Segunda Division,1.0,1.39,36.18;
367,369,FC Twente,Dutch Eredivisie,1.22,1.66,36.17;
368,342,Real Salt Lake,Major League Soccer,0.95,1.33,36.03;
369,356,Sydney FC,Australian A-League,1.17,1.6,36.0;
370,379,Vitoria Setubal,Portuguese Liga,0.93,1.31,35.99;
371,347,Vissel Kobe,Japanese J League,1.26,1.73,35.95;
372,370,Peterborough United,English League One,1.23,1.69,35.85;
373,393,Consadole Sapporo,Japanese J League,1.2,1.65,35.85;
374,372,Puebla,Mexican Primera Division Torneo Apertura,1.03,1.44,35.78;
375,373,Le Havre,French Ligue 2,0.95,1.35,35.74;
376,375,Colorado Rapids,Major League Soccer,1.31,1.81,35.65;
377,365,Caykur Rizespor,Turkish Turkcell Super Lig,1.19,1.65,35.63;
378,377,Caen,French Ligue 2,1.08,1.52,35.56;
379,390,Melbourne City,Australian A-League,1.19,1.66,35.42;
380,381,Tenerife,Spanish Segunda Division,0.93,1.33,35.41;
381,382,Cadiz,Spanish Segunda Division,0.84,1.22,35.35;
382,383,Emmen,Dutch Eredivisie,1.18,1.66,35.14;
383,384,F91 Dudelange,UEFA Europa League,1.4,1.94,35.14;
384,385,AC Ajaccio,French Ligue 2,0.88,1.29,34.91;
385,386,OFI Crete,Greek Super League,1.06,1.52,34.85;
386,387,Chongqing Lifan,Chinese Super League,1.08,1.56,34.78;
387,388,1. FC Heidenheim 1846,German 2. Bundesliga,1.02,1.49,34.72;
388,389,Sporting Gijón,Spanish Segunda Division,0.76,1.15,34.7;
389,380,Yeni Malatyaspor,Turkish Turkcell Super Lig,1.08,1.56,34.68;
390,378,Nagoya Grampus Eight,Japanese J League,1.09,1.58,34.58;
391,391,Holstein Kiel,German 2. Bundesliga,1.26,1.8,34.41;
392,394,1. FC Nürnberg,German 2. Bundesliga,1.05,1.56,33.99;
393,395,Houston Dynamo,Major League Soccer,1.17,1.72,33.88;
394,401,Spezia,Italy Serie B,0.93,1.42,33.74;
395,398,Guangzhou RF,Chinese Super League,1.44,2.07,33.73;
396,399,Orlando Pirates,South African ABSA Premier League,0.98,1.48,33.73;
397,400,Aldosivi,Argentina Primera Division,0.86,1.33,33.63;
398,402,Tianjin Quanujian,Chinese Super League,1.16,1.73,33.51;
399,403,VfL Osnabruck,German 2. Bundesliga,1.14,1.71,33.46;
400,410,Urawa Red Diamonds,Japanese J League,1.04,1.58,33.35;
401,404,Silkeborg,Danish SAS-Ligaen,1.16,1.74,33.23;
402,405,Real Zaragoza,Spanish Segunda Division,1.11,1.68,33.23;
403,397,IF Elfsborg,Swedish Allsvenskan,1.14,1.72,33.09;
404,406,Real Oviedo,Spanish Segunda Division,0.91,1.43,33.09;
405,407,AD Alcorcon,Spanish Segunda Division,0.95,1.48,33.04;
406,409,DC United,Major League Soccer,1.06,1.63,32.89;
407,411,ADO Den Haag,Dutch Eredivisie,1.21,1.83,32.74;
408,374,FC Zurich,Swiss Raiffeisen Super League,1.17,1.79,32.71;
409,412,St. Pölten,Austrian T-Mobile Bundesliga,1.13,1.74,32.68;
410,413,Shenzhen FC,Chinese Super League,1.19,1.81,32.64;
411,414,Karlsruher SC,German 2. Bundesliga,1.09,1.7,32.31;
412,396,Genclerbirligi,Turkish Turkcell Super Lig,0.99,1.57,32.27;
413,371,Aberdeen,Scottish Premiership,0.99,1.58,32.25;
414,415,SV Mattersburg,Austrian T-Mobile Bundesliga,1.08,1.7,32.22;
415,408,Montreal Impact,Major League Soccer,1.09,1.72,32.07;
416,425,Kristiansund BK,Norwegian Tippeligaen,1.14,1.79,32.0;
417,416,IFK Goteborg,Swedish Allsvenskan,1.01,1.63,31.85;
418,417,Kayserispor,Turkish Turkcell Super Lig,1.18,1.85,31.81;
419,430,Ankaragucu,Turkish Turkcell Super Lig,0.97,1.57,31.8;
420,418,Mirandes,Spanish Segunda Division,1.04,1.66,31.75;
421,419,Sunderland,English League One,0.9,1.47,31.75;
422,420,SpVgg Greuther Fürth,German 2. Bundesliga,1.02,1.65,31.75;
423,421,Newcastle Jets,Australian A-League,1.13,1.8,31.63;
424,423,Oxford United,English League One,1.01,1.64,31.53;
425,424,Cercle Brugge,Belgian Jupiler League,1.05,1.7,31.46;
426,427,Rotherham United,English League One,1.09,1.77,31.02;
427,428,Albacete,Spanish Segunda Division,0.74,1.29,31.02;
428,429,Lugo,Spanish Segunda Division,0.86,1.47,30.87;
429,434,AC Horsens,Danish SAS-Ligaen,1.0,1.67,30.84;
430,431,VfL Bochum,German 2. Bundesliga,1.0,1.67,30.82;
431,433,Portsmouth,English League One,0.94,1.59,30.77;
432,444,Chievo Verona,Italy Serie B,0.86,1.49,30.58;
433,422,Denizlispor,Turkish Turkcell Super Lig,0.87,1.5,30.57;
434,452,Odd BK,Norwegian Tippeligaen,1.04,1.74,30.53;
435,436,Valenciennes,French Ligue 2,0.8,1.4,30.47;
436,437,Eupen,Belgian Jupiler League,1.04,1.74,30.42;
437,438,Deportivo La Coruña,Spanish Segunda Division,0.87,1.52,30.24;
438,439,Sonderjyske,Danish SAS-Ligaen,0.96,1.65,30.19;
439,440,Panetolikos,Greek Super League,0.86,1.51,30.07;
440,446,Stabaek,Norwegian Tippeligaen,0.93,1.62,30.0;
441,432,Wellington Phoenix,Australian A-League,1.08,1.82,29.99;
442,442,Colon Santa Fe,Argentina Primera Division,0.83,1.48,29.95;
443,435,Hibernian,Scottish Premiership,1.03,1.76,29.86;
444,443,Godoy Cruz,Argentina Primera Division,0.94,1.64,29.76;
445,445,Jahn Regensburg,German 2. Bundesliga,1.09,1.85,29.72;
446,448,SuperSport United,South African ABSA Premier League,0.81,1.46,29.64;
447,449,VVV Venlo,Dutch Eredivisie,1.04,1.8,29.59;
448,450,Coventry City,English League One,0.83,1.49,29.55;
449,451,Auxerre,French Ligue 2,0.77,1.42,29.4;
450,454,Fortuna Sittard,Dutch Eredivisie,1.04,1.81,29.12;
451,455,Indy Eleven,United Soccer League,0.95,1.69,29.08;
452,456,Hobro IK,Danish SAS-Ligaen,0.97,1.75,28.68;
453,457,Desportivo Aves,Portuguese Liga,0.82,1.53,28.63;
454,459,Erzgebirge Aue,German 2. Bundesliga,0.93,1.7,28.46;
455,464,Viking FK,Norwegian Tippeligaen,1.07,1.9,28.44;
456,460,Bidvest Wits,South African ABSA Premier League,0.74,1.44,28.42;
457,453,Motherwell,Scottish Premiership,0.92,1.69,28.33;
458,483,Adelaide United,Australian A-League,1.21,2.11,28.28;
459,461,AS Nancy Lorraine,French Ligue 2,0.73,1.42,28.24;
460,462,Larissa,Greek Super League,0.7,1.38,28.18;
461,458,Frosinone,Italy Serie B,0.81,1.55,28.0;
462,426,Livingston,Scottish Premiership,0.91,1.71,27.98;
463,463,RKC,Dutch Eredivisie,1.04,1.89,27.95;
464,474,Tampa Bay Rowdies,United Soccer League,0.96,1.79,27.76;
465,465,IK Sirius,Swedish Allsvenskan,1.02,1.88,27.75;
466,468,Western Sydney FC,Australian A-League,1.06,1.93,27.71;
467,467,Extremadura UD,Spanish Segunda Division,0.84,1.62,27.6;
468,447,Kilmarnock,Scottish Premiership,0.89,1.69,27.56;
469,478,Cittadella,Italy Serie B,0.88,1.68,27.55;
470,469,Lamia,Greek Super League,0.55,1.18,27.53;
471,470,Nashville SC,Major League Soccer,0.86,1.65,27.53;
472,472,Doncaster Rovers,English League One,0.84,1.65,27.3;
473,482,Valerenga,Norwegian Tippeligaen,0.89,1.72,27.23;
474,481,Orange County SC,United Soccer League,0.94,1.79,27.2;
475,473,FC Trenkwalder Admira,Austrian T-Mobile Bundesliga,0.92,1.76,27.18;
476,475,Numancia,Spanish Segunda Division,0.81,1.61,27.14;
477,476,SV Wehen Wiesbaden,German 2. Bundesliga,1.11,2.04,27.09;
478,477,FC St. Pauli,German 2. Bundesliga,0.96,1.84,26.99;
479,479,Guizhou Renhe,Chinese Super League,0.94,1.82,26.81;
480,480,Esbjerg,Danish SAS-Ligaen,1.0,1.91,26.76;
481,485,SD Ponferradina,Spanish Segunda Division,0.75,1.55,26.6;
482,441,Neuchatel Xamax,Swiss Raiffeisen Super League,0.92,1.8,26.52;
483,487,KV Oostende,Belgian Jupiler League,0.97,1.88,26.49;
484,486,San Antonio FC,United Soccer League,1.03,1.98,26.36;
485,466,Miami FC,United Soccer League,1.07,2.06,26.09;
486,490,Chambly Thelle FC,French Ligue 2,0.76,1.61,25.81;
487,491,FC Xanthi,Greek Super League,0.58,1.33,25.81;
488,,Dundee Utd,Scottish Premiership,0.88,1.79,25.8;
489,495,Western United,Australian A-League,1.01,1.98,25.8;
490,492,Grenoble,French Ligue 2,0.73,1.56,25.8;
491,498,Brisbane Roar,Australian A-League,0.91,1.83,25.71;
492,493,Dynamo Dresden,German 2. Bundesliga,0.84,1.74,25.7;
493,517,Shimizu S-Pulse,Japanese J League,1.02,2.0,25.66;
494,494,Rodez,French Ligue 2,0.76,1.61,25.61;
495,484,Melbourne Victory,Australian A-League,1.05,2.06,25.49;
496,497,Lyngby,Danish SAS-Ligaen,0.87,1.8,25.36;
497,519,Reno 1868 FC,United Soccer League,0.98,1.98,25.23;
498,500,Empoli,Italy Serie B,0.85,1.79,25.07;
499,496,Mazatlán FC,Mexican Primera Division Torneo Apertura,0.83,1.77,25.03;
500,489,Pittsburgh Riverhounds,United Soccer League,0.85,1.81,24.93;
501,471,Vegalta Sendai,Japanese J League,0.81,1.74,24.89;
502,501,WSG Swarovski Wattens,Austrian T-Mobile Bundesliga,0.93,1.93,24.76;
503,502,Sochaux,French Ligue 2,0.68,1.55,24.74;
504,488,SK Brann,Norwegian Tippeligaen,0.82,1.77,24.72;
505,525,Trapani,Italy Serie B,0.89,1.88,24.59;
506,505,Fleetwood Town,English League One,0.81,1.77,24.59;
507,499,Cremonese,Italy Serie B,0.7,1.59,24.57;
508,503,Salernitana,Italy Serie B,0.8,1.75,24.53;
509,506,Paris FC,French Ligue 2,0.69,1.58,24.49;
510,518,Haugesund,Norwegian Tippeligaen,0.74,1.67,24.4;
511,510,FC Cincinnati,Major League Soccer,0.88,1.88,24.35;
512,507,Black Aces,South African ABSA Premier League,0.81,1.78,24.28;
513,530,Cosenza,Italy Serie B,0.81,1.78,24.24;
514,511,Le Mans,French Ligue 2,0.83,1.82,24.08;
515,513,Maritzburg Utd,South African ABSA Premier League,0.56,1.39,24.05;
516,514,Ipswich Town,English League One,0.71,1.65,23.91;
517,520,Virtus Entella,Italy Serie B,0.76,1.73,23.89;
518,516,Racing Santander,Spanish Segunda Division,0.69,1.62,23.85;
519,523,Stromsgodset,Norwegian Tippeligaen,0.97,2.05,23.8;
520,527,St Johnstone,Scottish Premiership,0.75,1.72,23.78;
521,521,Chateauroux,French Ligue 2,0.72,1.69,23.5;
522,522,Waasland-Beveren,Belgian Jupiler League,0.86,1.92,23.38;
523,512,Vancouver Whitecaps,Major League Soccer,0.88,1.97,23.25;
524,524,Wycombe Wanderers,English League One,0.83,1.89,23.1;
525,526,Gillingham,English League One,0.66,1.64,22.95;
526,547,St Mirren,Scottish Premiership,0.69,1.7,22.72;
527,504,Oita Trinita,Japanese J League,0.72,1.76,22.41;
528,531,Bloem Celtic,South African ABSA Premier League,0.8,1.9,22.37;
529,539,F.B.C Unione Venezia,Italy Serie B,0.67,1.68,22.33;
530,515,Louisville City FC,United Soccer League,0.82,1.94,22.15;
531,533,Pordenone Calcio,Italy Serie B,0.72,1.79,22.03;
532,509,Sarpsborg,Norwegian Tippeligaen,0.65,1.68,21.97;
533,508,Orebro SK,Swedish Allsvenskan,0.76,1.87,21.92;
534,535,Niort,French Ligue 2,0.76,1.87,21.87;
535,532,Östersunds FK,Swedish Allsvenskan,0.71,1.78,21.84;
536,536,Panionios,Greek Super League,0.51,1.45,21.84;
537,528,Sacramento Republic FC,United Soccer League,0.8,1.94,21.79;
538,549,Hamilton Academical,Scottish Premiership,0.78,1.91,21.71;
539,534,US Pescara,Italy Serie B,0.68,1.76,21.61;
540,544,Saint Louis FC,United Soccer League,0.73,1.84,21.55;
541,541,Austin Bold FC,United Soccer League,0.82,1.99,21.49;
542,537,Shonan Bellmare,Japanese J League,0.76,1.91,21.29;
543,542,Volos NFC,Greek Super League,0.65,1.73,21.22;
544,543,Burton Albion,English League One,0.87,2.09,21.18;
545,546,North Carolina FC,United Soccer League,0.83,2.04,20.96;
546,568,Sagan Tosu,Japanese J League,0.6,1.67,20.86;
547,545,Pisa,Italy Serie B,0.68,1.8,20.84;
548,556,Varbergs BoIS FC,Swedish Allsvenskan,0.72,1.88,20.68;
549,548,Real Monarchs SLC,United Soccer League,0.89,2.17,20.62;
550,566,Ross County,Scottish Premiership,0.77,1.98,20.45;
551,550,Swindon Town,English League Two,0.76,1.98,20.19;
552,551,Lincoln City,English League One,0.7,1.9,20.12;
553,540,Perugia,Italy Serie B,0.64,1.79,20.02;
554,552,Helsingborgs IF,Swedish Allsvenskan,0.68,1.88,19.8;
555,555,Kalmar FF,Swedish Allsvenskan,0.71,1.94,19.75;
556,559,Juve Stabia,Italy Serie B,0.76,2.03,19.68;
557,553,Plymouth Argyle,English League Two,0.71,1.95,19.65;
558,554,New Mexico United,United Soccer League,0.82,2.13,19.65;
559,538,Mjondalen,Norwegian Tippeligaen,0.68,1.91,19.5;
560,564,Ascoli,Italy Serie B,0.73,2.0,19.41;
561,557,Orléans,French Ligue 2,0.66,1.88,19.39;
562,558,Blackpool,English League One,0.64,1.86,19.26;
563,560,Milton Keynes Dons,English League One,0.62,1.82,19.21;
564,561,Northampton Town,English League Two,0.71,2.0,19.03;
565,562,Crewe Alexandra,English League Two,0.77,2.09,19.01;
566,563,Highlands Park FC,South African ABSA Premier League,0.57,1.75,18.95;
567,565,Mjallby,Swedish Allsvenskan,0.71,2.01,18.84;
568,567,Oklahoma City Energy FC,United Soccer League,0.74,2.09,18.37;
569,569,Birmingham Legion FC,United Soccer League,0.68,2.04,17.8;
570,584,Falkenbergs FF,Swedish Allsvenskan,0.71,2.1,17.63;
571,570,Accrington Stanley,English League One,0.67,2.04,17.61;
572,572,El Paso Locomotive FC,United Soccer League,0.57,1.89,17.18;
573,574,San Diego Loyal SC,United Soccer League,0.62,1.99,17.15;
574,573,Golden Arrows,South African ABSA Premier League,0.43,1.63,17.14;
575,579,Aalesund,Norwegian Tippeligaen,0.85,2.4,17.06;
576,575,Charlotte Independence,United Soccer League,0.68,2.13,16.62;
577,571,Portland Timbers 2,United Soccer League,0.88,2.51,16.32;
578,578,Central Coast Mariners,Australian A-League,0.73,2.28,16.12;
579,580,Cheltenham Town,English League Two,0.47,1.79,16.06;
580,576,IK Start,Norwegian Tippeligaen,0.58,2.0,16.01;
581,581,Polokwane City FC,South African ABSA Premier League,0.47,1.84,15.52;
582,583,LA Galaxy II,United Soccer League,0.66,2.23,15.36;
583,577,Charleston Battery,United Soccer League,0.53,1.99,15.23;
584,585,Sandefjord,Norwegian Tippeligaen,0.56,2.06,14.92;
585,586,Salford City,English League Two,0.53,2.03,14.7;
586,588,AFC Wimbledon,English League One,0.48,1.96,14.47;
587,589,Colchester United,English League Two,0.5,2.0,14.37;
588,595,New York Red Bulls II,United Soccer League,0.65,2.29,14.35;
589,590,Rochdale,English League One,0.59,2.2,14.25;
590,591,Shrewsbury Town,English League One,0.44,1.9,14.11;
591,592,Bristol Rovers,English League One,0.49,2.01,13.99;
592,593,Chippa United,South African ABSA Premier League,0.26,1.54,13.92;
593,582,Yokohama FC,Japanese J League,0.5,2.05,13.75;
594,594,AmaZulu,South African ABSA Premier League,0.31,1.68,13.48;
595,596,Exeter City,English League Two,0.53,2.17,13.24;
596,597,Colorado Springs Switchbacks FC,United Soccer League,0.57,2.26,13.12;
597,599,Crawley Town,English League Two,0.49,2.13,12.85;
598,600,Baroka FC,South African ABSA Premier League,0.24,1.57,12.84;
599,587,Livorno,Italy Serie B,0.49,2.15,12.81;
600,598,Hartford Athletic,United Soccer League,0.68,2.54,12.52;
601,601,Tranmere Rovers,English League One,0.51,2.23,12.43;
602,602,Stellenbosch FC,South African ABSA Premier League,0.35,1.89,12.29;
603,603,Tacoma Defiance,United Soccer League,0.63,2.49,12.21;
604,607,Memphis 901 FC,United Soccer League,0.55,2.33,12.18;
605,604,Port Vale,English League Two,0.42,2.07,12.01;
606,605,Bradford City,English League Two,0.42,2.07,12.01;
607,606,Tulsa Roughnecks,United Soccer League,0.53,2.31,12.0;
608,608,Black Leopards,South African ABSA Premier League,0.39,2.03,11.75;
609,609,Mansfield Town,English League Two,0.54,2.35,11.73;
610,610,Oldham Athletic,English League Two,0.5,2.35,11.1;
611,611,Southend United,English League One,0.62,2.62,10.98;
612,612,Loudoun United FC,United Soccer League,0.54,2.46,10.95;
613,613,Las Vegas Lights FC,United Soccer League,0.46,2.31,10.78;
614,614,Scunthorpe,English League Two,0.43,2.3,10.33;
615,615,Forest Green Rovers,English League Two,0.37,2.16,10.24;
616,616,Walsall,English League Two,0.4,2.26,9.99;
617,617,Bolton,English League One,0.38,2.25,9.8;
618,618,Leyton Orient,English League Two,0.43,2.37,9.7;
619,619,Grimsby Town,English League Two,0.38,2.28,9.49;
620,624,Atlanta United 2,United Soccer League,0.49,2.66,8.64;
621,623,Swope Park Rangers,United Soccer League,0.41,2.55,8.13;
622,620,Rio Grande Valley FC Toros,United Soccer League,0.29,2.31,7.77;
623,621,Carlisle United,English League Two,0.28,2.31,7.65;
624,622,Newport County,English League Two,0.2,2.11,7.51;
625,625,Macclesfield,English League Two,0.2,2.27,6.56;
626,626,Cambridge United,English League Two,0.2,2.29,6.42;
627,627,Stevenage,English League Two,0.2,2.3,6.39;
628,628,Morecambe,English League Two,0.2,2.4,5.85;
629,629,Bethlehem Steel FC,United Soccer League,0.33,2.89,5.34;
